created_at,full_text,screen_name,location,description,followers_count,friends_count,statuses_count,verified,full_retweet_text
2020-04-19 23:16:07+00:00,Montreal nurse with COVID-19 symptoms worked at nursing home where at least 30 residents died | https://t.co/TXLPTpwX0y https://t.co/WRh3ViYmHl,kkssr,canada india,"Sanathana Dharma,Respect-Indian Army,
Healthcare.
RT Personal views Not Endorsement.",216,142,11542,False,
2020-04-19 23:16:08+00:00,Chaiwallah booked for lockdown norm violation https://t.co/oJYt4VjFZh,TOIAhmedabad,ahmadabad city india,Your city. Your neighborhood. Your block. Covered for you by https://t.co/VSKi1mCAsZ,133605,9,81881,True,
2020-04-19 23:16:09+00:00,lockdown got me smaaking that person againğŸ¤¡,__mayet,mumbai india,,173,111,1513,False,
2020-04-19 23:16:17+00:00,"@SirjiKiSmiley https://t.co/F779eXFwtv

https://t.co/8SZHgqCe7w

I hve done 14 Lockdown Digital  Fashoon Shows like this .
By Which I entertain them during Lock Down(Stay @ Home &amp; Safe)",Gravity_fashion,india,Fashion Show Director & Socialist,48,27,44,False,
2020-04-19 23:16:22+00:00,RT @SteveGuest: Fox News' Chris Wallace calls out Nancy Pelosi for promoting tourism during the coronavirus pandemic https://t.co/tkhte8qRYD,glaciofluvigeom,new delhi india,An Indian & an ardent seeker of truth following Advaita Vedantic path which is our heritage preserved by seers-rishis. Likes and retweets are not endorsements.,134,583,29821,False,Fox News' Chris Wallace calls out Nancy Pelosi for promoting tourism during the coronavirus pandemic https://t.co/tkhte8qRYD
2020-04-19 23:16:23+00:00,"RT @BuildproStore: #ContestAlert 
Which Chinese city is the hub of tile manufacturing? 
a) Wuhan
b) Foshan
c) Beijing
d) Shanghai

The luckâ€¦",prashantDocean,kolkata india,"Work is worship. #WorkingProfessional Traveler, photographer, Influencer, Heart beat ğŸ€ğŸ€",2758,4974,99355,False,"#ContestAlert 
Which Chinese city is the hub of tile manufacturing? 
a) Wuhan
b) Foshan
c) Beijing
d) Shanghai

The lucky winner will get the coupon from Buildpro
#BuildWithBuildpro #BuildproContes #win #prize #contest https://t.co/N62OIwDTlh"
2020-04-19 23:16:24+00:00,RT @RanaAyyub: Crisis of Morality and the hate against Muslims dents India's fight against COVID 19,Sulagtakash,raipur india,"ğ“‘ğ“® ğ“´ğ“²ğ“·ğ“­. ğ“ªğ“µğ”€ğ“ªğ”‚ğ“¼ â£ï¸
Journalist..
Insta- alif siddiqui   ğŸ‘» 
Tweets in â¤ï¸",696,345,21728,False,Crisis of Morality and the hate against Muslims dents India's fight against COVID 19 https://t.co/XO3mnw1Xze
2020-04-19 23:16:31+00:00,"Goa is now free from coronavirus, I can finally plan my long awaited trip again only to cancel it again.",indianhoser,new delhi india,"Sincere but not punctual.ğŸ£
Really into politics and hard news. 
20 year old. 
Engineering undergrad. ğŸ“š",13,83,140,False,
2020-04-19 23:16:38+00:00,"@ndtv Plz donâ€™t compare arunachal with wuhan... in the complete video he said we donâ€™t have food and vegetables to eat, so we have killed the snake for food and the person is repeatedly seeking forgivness from govt and public for his act...... its easy to comment without starvation.",PJSubedar1,guwahati india,,6,30,55,False,
2020-04-19 23:16:39+00:00,"Tables have finally started to turn, today i yelled at my mom for going out with friends.. #QuarentineLife #COVIDãƒ¼19 #CoronavirusIndia",itsmeRax,new delhi india,A wolf climbing hill .,396,73,1028,False,
2020-04-19 23:16:40+00:00,Good Morning ğŸ˜Š @Amberological unite against COVID19 to save the world,sumitk_saxena,ghaziabad india,"An HR professional, deeply intrested in political affiars in the country.",380,239,65380,False,
2020-04-19 23:16:46+00:00,"RT @imMAK02: 1300 people were ""Stuck"" in a Satsang (religious program) in Latur Maharashtra.

In case of #NizamuddinMarkaz , same Media hadâ€¦",ShanazB90086751,bengaluru south india,(Serving mankind my passion)P.T.,165,288,4390,False,"1300 people were ""Stuck"" in a Satsang (religious program) in Latur Maharashtra.

In case of #NizamuddinMarkaz , same Media had reported that people were ""Hiding"" in the mosque.

Will Modia discuss about this Satsang issue? No outrage? No FIR?
 https://t.co/konbO3Gu39"
2020-04-19 23:16:49+00:00,RT @D_NewtonSmith: The Grim Truth About the â€œSwedish Modelâ€ - â€œOthers who may be tempted by the â€œSwedish modelâ€ should understand that a deâ€¦,strongdigvijay,new delhi india,"Proud Son of Bharat Mata, ex Marxist , #Nationalist , #ProudHindu",58,84,4481,False,The Grim Truth About the â€œSwedish Modelâ€ - â€œOthers who may be tempted by the â€œSwedish modelâ€ should understand that a defining feature of it is a higher death toll.â€ #Sweden #COVID19 via @ProSyn https://t.co/RKAyyxDpbo
2020-04-19 23:16:54+00:00,@imthiyasnmajeed Ya.. tu jannat se likh raha hoga ye sab. India has been successful in defeating #COVID19 and it's a fact very difficult to digest for western publications &amp; Islamic autocracies. Face it!,kshtragya,hussainabad india,Deshpremi. Rashtravadi. Asampradayik. Sarkarai. Hussainabadi.,11,66,302,False,
2020-04-19 23:16:55+00:00,"RT @SadhguruJV: The nature of life is such, opposites of love &amp; hate, turmoil &amp; tranquility, life &amp; death - and now in the face of the viruâ€¦",KamalKishore211,new delhi india,,14,23,833,False,"The nature of life is such, opposites of love &amp; hate, turmoil &amp; tranquility, life &amp; death - and now in the face of the virus, becoming strong or vulnerable - are all packed in the same package. It's only a question of what you pick.
https://t.co/ArqZ5sxNG4"
2020-04-19 23:17:00+00:00,"RT @TheOliveKnife: Achievement of Bollywood best Actor in CM role

Palghar Sadhu Lynching Incident

Special VVIP treatment to Wadhwan

Hugeâ€¦",GetRidofDevils,india,VANDE MATARAM! Nationalist Passionate Modi fan. NO PSEUDO SICKULARISM. GANDHIKHANS ARE A CURSE. Engineering/Management Consultant.,7011,7032,109755,False,"Achievement of Bollywood best Actor in CM role

Palghar Sadhu Lynching Incident

Special VVIP treatment to Wadhwan

Huge Bandra station gathering

Minister Awhad Beating man at his Bungalow

Highest Corona Cases (Highest PR)"
2020-04-19 23:17:06+00:00,"I like the spirit,
China should be kept isolated from Trade.
And must be thrown out from UNSC.

https://t.co/YPc15rJxCz",ErSkumar1993,lucknow india,"Electrical Engineer,
Gandhian principle, secular and liberal thinking. Tweets are personal.",1230,1761,2708,False,
2020-04-19 23:17:08+00:00,Lockdown effect: Private hospital occupancies shrink to 25% https://t.co/2fGwBrmi9B,TOIAhmedabad,ahmadabad city india,Your city. Your neighborhood. Your block. Covered for you by https://t.co/VSKi1mCAsZ,133605,9,81881,True,
2020-04-19 23:17:10+00:00,"Most recently someone had tweeted about the Golden Temple covering the economic burden of covid-19 for Punjab( supplying for kits, PPE, ventilators etc) and were targeting other religious places/associations to do the same. 

https://t.co/OKO0GxpYY9",sbakshi22,new delhi india,Ambivert. Shutterbug.,26,93,151,False,
2020-04-19 23:17:13+00:00,67 Per Cent of Wheat Area Harvested amid Fight against Covid-19 https://t.co/LbV0EGoL3g https://t.co/c5cWK3uWiS,sendmanishkumar,new delhi india,,6,18,9460,False,
2020-04-19 23:17:31+00:00,"RT @thegoodgodabove: Anyone that would protest against science during a pandemic is really, really dense. 

Charles Darwin sends his regardâ€¦",HighOnRednGreen,thane india,"BS-MS Student @IISERPune,

Marxist Atheist, Theoretical Communist.",111,513,23609,False,"Anyone that would protest against science during a pandemic is really, really dense. 

Charles Darwin sends his regards. https://t.co/7RD9DRFKDQ"
2020-04-19 23:17:35+00:00,Coronavirus | Tripura CM expresses anxiety over lockdown violations in neighbouring Bangladesh https://t.co/sH7ENFWf5K https://t.co/5JT0otPHXu,NewshuntDaily,bhubaneshwar india,,4,0,6179,False,
2020-04-19 23:17:35+00:00,RT @thakurashish416: Engineers and technicians have done great work  to maintain good Network service for india people's during lock down .â€¦,Sanjeet36387385,bihar sharif india,An Indian who is trying to be self reliant.,23,130,144,False,"Engineers and technicians have done great work  to maintain good Network service for india people's during lock down . But #ZTE fire its employees despite of govt advisory. Here govt looks handicapped 
#SaveTelecomEmployees 
@PMOIndia 
@rsprasad
@RahulGandhi 
@priyankagandhi"
2020-04-19 23:17:37+00:00,RT @curious_scribe: Jobless but not allowed to go home to their families. @abhaya_sri on the plight of long-suffering rural migrant workersâ€¦,curious_scribe,new delhi india,"Deputy news ed, AFP South Asia. Text/video. Also tweeting @AFPSouthAsia. Prev @AFP Oz, @smh, @BusinessDay, @FinancialReview. Environment, animals, rural, sport.",3416,995,31883,False,"Jobless but not allowed to go home to their families. @abhaya_sri on the plight of long-suffering rural migrant workers stranded in cities and kept in camps and shelters amid the extended #coronavirus lockdown in #India @AFP @AFPSouthAsia 

https://t.co/c44SsjQ9JP"
2020-04-19 23:17:50+00:00,"@narendramodi R/Sir
They are Corona Warriors too &amp;
They are doing commendable task indeed !
Jai Hind !",JaganNKaushik,new delhi india,"MA (Public Admn) LL.B, LL.M, Trainer & Assessor (edu), Cert.Quality Engr (IIQM), Assoc.IETE, Ex Marine Officer, Govt & Politics, Music & Litt., Human Rights.",2509,2270,90397,False,
2020-04-19 23:17:52+00:00,@DrTedros @deepikapadukone @instagram Wuhan virus and you are a traitor to humanity.,5udhakar,delhi india,"Mechanical Engineer in the HVAC sector. Travellingâ¤ï¸  ğŸ™MahadevğŸ™ 
#HindiMedium",92,572,6983,False,
2020-04-19 23:18:07+00:00,@bkshivani Ji good morning ğŸ˜Š unite against COVID19 to save the world,sumitk_saxena,ghaziabad india,"An HR professional, deeply intrested in political affiars in the country.",380,239,65380,False,
2020-04-19 23:18:11+00:00,RT @raakshas3: @SalmanNizami_ Issue is not who is getting infected. The issue with Tabhligi is that they feel corona is allahâ€™s soldier thsâ€¦,neerangautam,ghaziabad india,"#à¤®à¤¾à¤«à¥€_à¤®à¤¾à¤‚à¤—à¥‹à¤‚_à¤°à¤¾à¤¹à¥à¤²
Sanatani, Aviator, Poet & Prof Of Mgmt. Followed by Smt N Seetharam's, Sh R K Singh's Office and Smt Shobha Karandlaje Ji",3198,519,65796,False,@SalmanNizami_ Issue is not who is getting infected. The issue with Tabhligi is that they feel corona is allahâ€™s soldier thst will kill only kafirs and will not harm momins. So they r doing their best to spread the virus
2020-04-19 23:18:16+00:00,"RT @ShamalaSatish: French Virologist, Who Discovered HIV, Says Coronavirus Originated In A Lab https://t.co/DxvMWzFaoB via @YouTube @TarekFâ€¦",ShirishSinghal,gwalior india,"RegionalHealth&FamilyWelfareTrainingCentre, City Centre, GWALIOR (M.P) INDIA",235,538,1412,False,"French Virologist, Who Discovered HIV, Says Coronavirus Originated In A Lab https://t.co/DxvMWzFaoB via @YouTube @TarekFatah @Swamy39"
2020-04-19 23:18:21+00:00,"RT @KhaledBeydoun: COVID19 has greatly intensified Islamophobia in #IndiağŸ‡®ğŸ‡³: 

âœ”ï¸Hospitals are openly denying to treat Muslim patients 

âœ”ï¸â€¦",danish_khan32,india,ğŸ‡®ğŸ‡³Indian Muslim,38,201,356,False,"COVID19 has greatly intensified Islamophobia in #IndiağŸ‡®ğŸ‡³: 

âœ”ï¸Hospitals are openly denying to treat Muslim patients 

âœ”ï¸201 Million Muslims are being blamed &amp; punished for virus outbreak 

âœ”ï¸Virus popularly called â€œCorona Jihadâ€

India has become the ğŸŒ epicenter of Islamophobia."
2020-04-19 23:18:23+00:00,"RT @ashoswai: In January, Taiwan established the Central Epidemic Command Center to handle #COVID19 Crisis and introduced travel restrictioâ€¦",apandit1947,new delhi india,Come along with people as we need to be heard not herdâœï¸,262,525,27911,False,"In January, Taiwan established the Central Epidemic Command Center to handle #COVID19 Crisis and introduced travel restrictions, and established quarantine protocols for high-risk travelers. https://t.co/zIUWBxhDX4"
2020-04-19 23:18:24+00:00,"RT @SalmanNizami_: Habibi! Arab se dhar lagti ğŸ˜‚

For one month- he ignored the attack, lynching &amp; media trials against Indian Muslims in paâ€¦",SudhirT14919238,new delhi india,,173,482,22139,False,"Habibi! Arab se dhar lagti ğŸ˜‚

For one month- he ignored the attack, lynching &amp; media trials against Indian Muslims in pandemic. Now outrage by Arab &amp; see the tune...! https://t.co/cVglXFPdZU"
2020-04-19 23:18:27+00:00,"RT @SidShirole: At the risk of sounding too repetitive.. am just executing my duty, it is these companies like Biddano, and our front lineâ€¦",m2_manish,india,"Kisaan, Proud Father, Real Estate Developer & Cancer Survivor",114,442,13128,False,"At the risk of sounding too repetitive.. am just executing my duty, it is these companies like Biddano, and our front line warriors that is going to usher in a new positive phase in our battle against #COVID https://t.co/Gpm9QJ68HK"
2020-04-19 23:18:32+00:00,"Moon, Trump agree to cooperate on COVID-19 response, related N.Korea aid - https://t.co/P33NXjidqY https://t.co/COaRNFZPeW",DailyRahnuma,hyderabad india,Online English edition of The Rahnuma-E-Deccan Daily published from Hyderabad. Estd. in 1921. India's oldest Urdu newspaper,3578,4,86474,False,
2020-04-19 23:18:33+00:00,RT @hindu_counciluk: Here we go againGenocide ?Arundhati Royyour pathological hatred for a Govt or should We sayHindustan is beyond comprehâ€¦,kanishkkaushik,greater noida india,"Professor, Nationalist, Dermatologist & Proud Hindu.
à¤®à¤°à¤£ à¤†à¤²à¥‡ à¤¤à¤°à¥€ à¤šà¤¾à¤²à¥‡à¤² , à¤ªà¤£ à¤¶à¤°à¤£ à¤œà¤¾à¤£à¤¾à¤° à¤¨à¤¾à¤¹à¥€",99,307,8295,False,Here we go againGenocide ?Arundhati Royyour pathological hatred for a Govt or should We sayHindustan is beyond comprehension come out from your phobic views â¦@anilbhanotâ© â¦@HCI_Londonâ© â¦@BritishIndiansâ© â¦@narendramodiâ© â¦ https://t.co/AWDNtrzf01
2020-04-19 23:18:43+00:00,"Hi everyone .. 
I present my song â€œBAHAR MAT NIKALâ€ .. This is a rap song based on the current COVID19 aka Corona virus awareness .. As an artist &amp; a musician, i felt a moral responsibility to contribute towards dâ€¦ https://t.co/Su8F4Uel3Q",ambresh_shroff,india mumbai,LIMCA BOOK Record holder Singer-Composer-Songwriter & Background Music-director ..,61,43,243,False,
2020-04-19 23:18:48+00:00,"RT @jaavedjaaferi: I normally donâ€™t post personal videos inspite of being trolled often, but had to now. In a time when humanity is faced wâ€¦",Ms_saifi1828,india,,37,243,483,False,"I normally donâ€™t post personal videos inspite of being trolled often, but had to now. In a time when humanity is faced with a pandemic and race religion colour country are no concern, some Indians are still indulging in #FakeNews #HinduMuslim #HateMongering.
We need love not hate https://t.co/4ckWzUVE4l"
2020-04-19 23:18:53+00:00,All are not equal even in pandemic https://t.co/h67uvAcVtl,alifnewsin,hyderabad telangana india,For Authentic and Unbiased News !,48,0,27624,False,
2020-04-19 23:18:54+00:00,"RT @prasannavishy: Things That Tablighi Head Maulana Saad Said In A Speech That Mainstream Media Wants You To Completely Ignore.
""Covid-19â€¦",DhjPvt,india,"Started hashtag #EconomicJihad .Follow my handle for select nationalist RTs.

Read all anti-nationals' tweets using this list:  https://t.co/RvHvVNUswz",563,2026,58841,False,"Things That Tablighi Head Maulana Saad Said In A Speech That Mainstream Media Wants You To Completely Ignore.
""Covid-19 is sent by Allah and will not subside by worldly measures like social distancing etc. and ""only the kafirs rely on the material remedies and resources"" https://t.co/99KByvREdK"
2020-04-19 23:18:59+00:00,"RT @asadowaisi: If this Hospital is confident enough to advertise its policy, then whatâ€™s one â€œprobingâ€? How is it still being allowed to hâ€¦",Mahmood47582071,dhaka india,Social Activist,578,1503,55881,False,"If this Hospital is confident enough to advertise its policy, then whatâ€™s one â€œprobingâ€? How is it still being allowed to harm the public? @PMOIndia says â€œcovid19 does not see religionâ€ even while his ideological â€˜fansâ€™ have demonised Muslim citizens &amp; endangered their lives https://t.co/kO6Va8GPKK"
2020-04-19 23:19:12+00:00,"RT @_kanikas_: Starvation is a serious public health crisis, too. As days of lockdown are increasing, starvation deaths, suicides, deaths dâ€¦",JanaGanaMana9PM,india,Injustice or perceived injustice is root of all violence. My fight is against injustice and preventing violence/hatred. RT/Like is not Endorsement.,96,194,14709,False,"Starvation is a serious public health crisis, too. As days of lockdown are increasing, starvation deaths, suicides, deaths due to lack of food are on the rise. Need to minimize total numbers of deaths, not just deaths by covid-19. Ensure food, income support, dignity for all now."
2020-04-19 23:19:22+00:00,Coronavirus | Iraq lifts Reuters news agency suspension over virus report https://t.co/D8xScyFbkq,NewshuntDaily,bhubaneshwar india,,4,0,6179,False,
2020-04-19 23:19:27+00:00,"RT @AskAnshul: 2 Sadhus, 1 man lynched in Maharashtra's Palghar

1. How did crowd gather in lockdown?

2. Why cops stood silently?

Media:â€¦",hrithikdubey,bhopal india,"Right wing.
Busting propaganda of liberals.
sarcastic.",41,93,1240,False,"2 Sadhus, 1 man lynched in Maharashtra's Palghar

1. How did crowd gather in lockdown?

2. Why cops stood silently?

Media: Victims were mistaken for thieves

If they were from other community, there would've been outrage &amp; added communal angle like beef angle in Junaid Khan case"
2020-04-19 23:19:36+00:00,"RT @anujpant08: #code19india crushing this hackathon together ğŸ˜¤ @HackerEarth 
Stay Home, Stay Smart, Stay Safe! https://t.co/WPWGnxulqT",pblead26,bengaluru india,Sr. Engineer at @bounceshare | #GDE for @FlutterDev ğŸ‘©â€ğŸ’» | Public Speaker ğŸ™ï¸ | Technical Blogger ğŸ“ | Mentor @mentorcruise Co-founder/Organizer @WomenDroid,6831,1347,3041,False,"#code19india crushing this hackathon together ğŸ˜¤ @HackerEarth 
Stay Home, Stay Smart, Stay Safe! https://t.co/WPWGnxulqT"
2020-04-19 23:19:58+00:00,"RT @ShamalaSatish: French Virologist, Who Discovered HIV, Says Coronavirus Originated In A Lab https://t.co/DxvMWzFaoB via @YouTube @TarekFâ€¦",jigneshpatel147,india,"àª—àª°à«àªµàª¿àª¤ àª­àª¾àª°àª¤à«€àª¯, àª‡àªœàª¨à«‡àª°, àªµàª¾àªšàª•, àªàª•àª² àªªà«àª°àªµàª¾àª¸à«€, àª¸àª¨àª¾àª¤àª¨ àª§àª°à«àª®à«€, àª®àª¹àª¾àª¦à«‡àªµ àª­àª•à«àª¤",326,142,6318,False,"French Virologist, Who Discovered HIV, Says Coronavirus Originated In A Lab https://t.co/DxvMWzFaoB via @YouTube @TarekFatah @Swamy39"
2020-04-19 23:20:01+00:00,"RT @spectatorindex: Coronavirus deaths in the United States.

19th of March: 200

19th of April: 40,000",shankarblogger7,india,"student in hotel management
sports fan foodie lover",752,1819,168271,False,"Coronavirus deaths in the United States.

19th of March: 200

19th of April: 40,000"
2020-04-19 23:20:11+00:00,"RT @nntaleb: GERONTICIDE is the sign of moral decay.

Indian official explained only ""rich"" countries make a tradeoff betw lives &amp; ""economyâ€¦",goelsahl,india,@MiHVentures,96,761,87,False,"GERONTICIDE is the sign of moral decay.

Indian official explained only ""rich"" countries make a tradeoff betw lives &amp; ""economy"" (assuming they are separable).
The argument of ""lockdown costing lives"" is bunk: in the poor country, India, ~nobody starved.

The richer, the worse!!!"
2020-04-19 23:20:15+00:00,"RT @axios: Approximately 2,000 Israelis stood six feet apart in Tel Aviv's Rabin Square to protest what they consider the erosion of democrâ€¦",DevkarMitali,mumbai india,,39,285,633,False,"Approximately 2,000 Israelis stood six feet apart in Tel Aviv's Rabin Square to protest what they consider the erosion of democracy under the coronavirus-era government of Benjamin Netanyahu. https://t.co/xhkD34Q5nm"
2020-04-19 23:20:18+00:00,"RT @axios: Approximately 2,000 Israelis stood six feet apart in Tel Aviv's Rabin Square to protest what they consider the erosion of democrâ€¦",ChandreshMeravi,deccan hyderabad india,"Koitur from Central India. Likes following news. Tweet and RT on Tribal issues,Culture, Environment, Economy, Politics & Social Media.",863,1089,6785,False,"Approximately 2,000 Israelis stood six feet apart in Tel Aviv's Rabin Square to protest what they consider the erosion of democracy under the coronavirus-era government of Benjamin Netanyahu. https://t.co/xhkD34Q5nm"
2020-04-19 23:20:20+00:00,"RT @amitmalviya: Mohd Mubarak from Ramganj (in Jaipur) is responsible for at least 232 cases. His two friends, Hanif and Iqbal, who were inâ€¦",praphullakumar,maharashtra india,Content Developer & Marketing Expert.,314,219,41257,False,"Mohd Mubarak from Ramganj (in Jaipur) is responsible for at least 232 cases. His two friends, Hanif and Iqbal, who were infected by him, spread it further. Mubarakâ€™s direct contacts gave way to 94 cases and the remaining spread through Hanif and Iqbal.https://t.co/PQssIDQksi"
2020-04-19 23:20:30+00:00,"RT @mynameswatik: Well. 
What to do with the Anti-Muslim propaganda your embedded journalists had already prepared?",Talha_Zaid,india,"Active Member of AIMIM Vaniyambadi, Tamil Nadu",272,438,9777,False,"Well. 
What to do with the Anti-Muslim propaganda your embedded journalists had already prepared? https://t.co/WAr4chU25U"
2020-04-19 23:20:33+00:00,RT @swapan55: This makes eminent sense. We should be engaging socially but keeping a physical distanceâ€”either electronically or otherwise.,Anilkumarnair15,mumbai india,,151,148,6879,False,This makes eminent sense. We should be engaging socially but keeping a physical distanceâ€”either electronically or otherwise. https://t.co/dxQzwcCdNg
2020-04-19 23:20:38+00:00,@renukash Ji good morning ğŸ˜Š unite against COVID19 to save the world,sumitk_saxena,ghaziabad india,"An HR professional, deeply intrested in political affiars in the country.",380,239,65380,False,
2020-04-19 23:20:38+00:00,Who was the woman to detect the corona virus? https://t.co/bZlG4973qx https://t.co/6y5vRIcEpZ,7TheHealth,delhi india,We are providing latest news and useful article from the world top websites in different style at https://t.co/qhQQJjxXaM.,110,133,47343,False,
2020-04-19 23:20:48+00:00,RT @Aakori_Baakori: What a class one idiot. Human stupidity knows no limits.,abhinitk,mumbai india,"Independent Arts Manager, Writer & Curator. Art Think South Asia Fellow 2019-2020, YCI Fellow at @SalzburgGlobal",1128,4538,25025,False,What a class one idiot. Human stupidity knows no limits. https://t.co/aqSyEVayS3
2020-04-19 23:21:00+00:00,Coronavirus but chances are more if movement of vehicles and entering of outsiders are not ceased with strict law and order. This is the high time for #HomeMinister &amp; #HealthMinister to come on the open surface in combating novel virus.@PemaKhanduBJP @AloLibang @bamangfelix,tai_lal,itanagar india,Secular Indigenous,22,137,146,False,
2020-04-19 23:21:03+00:00,RT @GiniaNYT: @euanrellie I fundamentally don't understand the panic: incidence of the disease is declining in China. Virus is not deadly iâ€¦,ShazCoder,mumbai india,"Software Engineer. Interested in Economic History, Finance and Programming.",219,135,11849,False,@euanrellie I fundamentally don't understand the panic: incidence of the disease is declining in China. Virus is not deadly in vast majority of cases. Production and so on will slow down and will obviously rebound. cc: @opinion_joe
2020-04-19 23:21:22+00:00,"RT @dharmicverangna: We are muslims of India.
We k!ll the forces if they k!ll #Terrorists.
We misbehave with hospital nurses.
We deliberateâ€¦",warrior1001001,noida india,24/ Law ğŸ‘¨ğŸ»â€ğŸ“ / INDIA ğŸ‡®ğŸ‡³ / A man can be Destroyed but not DefeatedğŸ,29,155,771,False,"We are muslims of India.
We k!ll the forces if they k!ll #Terrorists.
We misbehave with hospital nurses.
We deliberately spread  global pandemic in India.
We spit on things we sell to kafirs.
We, are the muslims of India - our religious identity is more important
We, are #Jamati https://t.co/vH8BV1xfRk"
2020-04-19 23:21:30+00:00,Virus cannot be man-made: Wuhan virology lab chief denies Covid-19 originated from institute https://t.co/Fuqnv8aNkH,NewsExpress_,india,"Latest News English and Hindi, Today's History , Current Gov. Jobs and Requirements",62,27,18175,False,
2020-04-19 23:21:48+00:00,"Coronavirus: Bhaichung Bhutia Joins Pele, Diego Maradona In Paying Tribute To https://t.co/N0KxTPwe3l",eRocketNews,india,https://t.co/lt0Puv1hBI,28,0,19288,False,
2020-04-19 23:21:49+00:00,RT @agniveer: Agniveer Gaziabad serving hundreds of families twice daily with something different to eat every time. Naman to All Agniveersâ€¦,dhruvsharmaits1,india,,716,1262,98959,False,"Agniveer Gaziabad serving hundreds of families twice daily with something different to eat every time. Naman to All Agniveers &amp; the kind donors ğŸ™
 Let's make this Yajna big by our Aahutis. Let's win the fight against corona. Watch a woman discussing food with our team. https://t.co/jq3X1a6UO2"
2020-04-19 23:38:52+00:00,RT @_lokeshsharma: The appeal of Hon'ble CM Sh. @ashokgehlot51 ji that poor sections of the society do not sleep hungry during #lockdown peâ€¦,PradhanBaori,jodhpur india,Pradhan Baori,2547,3694,38803,False,"The appeal of Hon'ble CM Sh. @ashokgehlot51 ji that poor sections of the society do not sleep hungry during #lockdown period has motivated many. Large number of organisations and individuals have come forward to support weaker sections.

#à¤°à¤¾à¤œà¤¸à¥à¤¥à¤¾à¤¨_à¤¸à¤¤à¤°à¥à¤•_à¤¹à¥ˆ 
#RajasthanFightsCorona https://t.co/zKa6x2oLi9"
2020-04-19 23:38:58+00:00,"COVID-19 Solidarity Response Fund. Donate now
https://t.co/4qumCm2yoA
#helping #philanthropy #donationsneeded #givingtuesday #causes #family #charitywork #catsofinstagram #supporting #gofundme #ukcharity #makeadifference  #donating https://t.co/UDW25hJQLh",bloggerbhuvnesh,india,"Bhuvnesh Bhushan is A Electronics Engineer and A Web Geek.
Ceo of Wideinfoweb Organisation . Mail at bhuvneshd@wideinfoweb.org",378,2399,1492,False,
2020-04-19 23:39:01+00:00,@narendramodi Pls sir open the lockdown today atleast let the people spent there time on the work n progression,ShraddhaChakra8,varanasi india,#fashionlover #artist #loveclothing #trendz #painter,0,96,134,False,
2020-04-19 23:39:09+00:00,"@LaLigaEN ğŸ‡ªğŸ‡¸ - @SergioRamos
ğŸ‡§ğŸ‡· - @Ronaldo
ğŸ‡¦ğŸ‡· - @TeamMessi
ğŸ‡©ğŸ‡ª - @ToniKroos
ğŸ‡µğŸ‡¹ - @Cristiano
ğŸ´ó §ó ¢ó ¥ó ®ó §ó ¿ - @victoriabeckham 's hubby
ğŸ‡«ğŸ‡· - @raphaelvarane
ğŸ‡¨ğŸ‡´ - @jamesdrodriguez
ğŸ‡ºğŸ‡¾ - @fedeevalverde
ğŸ‡¬ğŸ‡­ - None

#StayAtHome 
#LaLigaSantander",TheSamyadeep,bengaluru india,Views are Personal and Apolitical,225,160,3482,False,
2020-04-19 23:39:10+00:00,"RT @NileshShah68: Will China be threatened by such moves?
Will they be worried that their Global assets can be confiscated ?
Will they moveâ€¦",rgirotra973,new delhi india,"Trend Watcher | Global Macro  Investor by Passion| Blogger by Choice- Interested in simplifying the complex world of stocks, bonds, financial markets",36,660,360,False,"Will China be threatened by such moves?
Will they be worried that their Global assets can be confiscated ?
Will they move their FX assets to Physical Gold ?

https://t.co/ZKHHc4orZP"
2020-04-19 23:39:25+00:00,"ğŸğŸ’•ğŸâœâœIn Kuwait, out of 1658 #COVID cases only 924 are Indians - In that country no one is blaming Indians nor any hospital denying to admit Indian patients!âœâœğŸğŸ’—ğŸ",DrKushe,india,"*DIRECTOR*Education Dipartment & purva sachiv, sarva Brahaman samaaj And Berti Bachawao Munch, Raipur, {CHATTISGHAD}{ INDIA}
**DRâ€¢HEMA SAEED ANWER IAS -?ğŸ’—WIFE",4483,4303,8059,False,
2020-04-19 23:39:28+00:00,RT @jaketapper: A letter to President Xi https://t.co/lOiNItXlji,Authi3,manipur india,"True Global Indian. idiosyncratic, Positive, loves skydiving & hiking, spiritually inclined, nature lover, vegan !! RT not endorsements !!",108,660,5101,False,A letter to President Xi https://t.co/lOiNItXlji
2020-04-19 23:39:31+00:00,RT @NBirenSingh: I am glad to share that Manipur is now Corona free.Both patients hv fully recovered and have tested negative.There are noâ€¦,amanmisratwitte,new delhi india,.......,452,614,9049,False,I am glad to share that Manipur is now Corona free.Both patients hv fully recovered and have tested negative.There are no fresh cases of the virus in the state.This has been possible because of cooperation of public &amp;medical staff and strict enforcement of lockdown @PMOIndia
2020-04-19 23:39:50+00:00,"It would create mass ""existential"" crisis bruh and also mass poverty and hunger ... It is a deadlier virus than Corona https://t.co/kEEMPWcrNy",AdeshraAniruddh,surat india,write and direct films,261,1941,13991,False,
2020-04-19 23:39:50+00:00,RT @darhar981: No Police Raids? Syracuse Mosque Continues Holding Daily Prayers Amid COVID-19 Lockdown As Christians Are Threatened and Finâ€¦,ashokkapur14,travel india can aus amr,"Post graduate,à¤¹à¤¿à¤¨à¥à¤¦à¥à¥à¥à¥  
IDEALS MODI&TRUMP PATRIOTS
Love animals,mostly funny/politics.High Respt for Women Rt for followers  100%Flw Back  Unfollow=Unflw",10724,11788,66391,False,"No Police Raids? Syracuse Mosque Continues Holding Daily Prayers Amid COVID-19 Lockdown As Christians Are Threatened and Fined For Attending Drive-In Services
This Mosque Continues to be Open, While Churches are Closed.. 
ğŸ‘‡ğŸ½ğŸ‘‡ğŸ½ğŸ¤¬ğŸ¤¬ğŸ¤¬ğŸ¤¬ğŸ‘‡ğŸ½ğŸ‘‡ğŸ½ https://t.co/RCdmmEghli"
2020-04-19 23:39:54+00:00,Ooh Myy !! Denmark shows the way !! â¤ğŸ”¥â¤ğŸ”¥â¤ğŸ”¥ https://t.co/g8D4Z5o3Z5,MeanderingWonk,kolkata india,,291,1945,28353,False,
2020-04-19 23:40:02+00:00,Why differential treatment vis a vis markaz? How it is different? Shows clear bias of government &amp; its lapdog media. https://t.co/5gFxGHjIA3,irshad_patel,usa qatar india,"Centerist, secular, humanist, patriot, against violence, abuse will face blocking, talk facts & figures, respect religions but against faith-blinded",1106,1328,9285,False,
2020-04-19 23:40:05+00:00,"RT @AskAnshul: Till now:

1. Arunachal Pradesh is COVID-19 free as lone patient tested negative

2. Manipur is COVID-19 free as second patiâ€¦",IamDiwakarG,gwalior india,Proud Indian Hindu|Engineer by profession|Fan of Messi,71,623,15953,False,"Till now:

1. Arunachal Pradesh is COVID-19 free as lone patient tested negative

2. Manipur is COVID-19 free as second patient also tested negative

3. Goa is COVID-19 free as all 7 patients discharged

4. Sikkim is the only state with zero cases.

India will defeat coronavirus."
2020-04-19 23:40:13+00:00,"In Politics, Everyone Loves a Pandemic - More crowdsourced stories at https://t.co/VLIYN2KC9M https://t.co/LuSi28ZWRu",politicldotcom,india,Decentralized News Network,285,410,3902,False,
2020-04-19 23:40:13+00:00,RT @TimesNow: India is in a relatively better position when compared with the countries of the West (in the fight against COVID-19): Dr Harâ€¦,TRavindran11,chennai india,"Engineer. Write poems
in www.allpoetry. com 
Works as senior financial advisor in kotak insurance 07448829413/
09677092599
tkravindran0612@gmail.com",250,257,15092,False,"India is in a relatively better position when compared with the countries of the West (in the fight against COVID-19): Dr Harsh Mahajan, Founder &amp; Chief Radiologist, @MahajanImaging tells Madhavdas G on @thenewshour Spl Edition. | #IndiaFightsCoronavirus https://t.co/dKwDo8y7Yu"
2020-04-19 23:40:17+00:00,"RT @rkhuria: Civilised world? Who does that consist of? India &amp; ........,? Even Papa Trumpâ€™s USCIRF has lambasted India for blaming Coronavâ€¦",Khan918Magic,mumbai india,Nobody to somebody,62,306,4491,False,"Civilised world? Who does that consist of? India &amp; ........,? Even Papa Trumpâ€™s USCIRF has lambasted India for blaming Coronavirus infection on Muslims and also for having separate wards for Hindus and Muslims in Gujarat hospitals. Modiâ€™s India has no friends. https://t.co/zDZcP1YF1d"
2020-04-19 23:40:24+00:00,RT @HumanityFirstIN: #HumanityFirst #Qadian #Punjab are donating masks for Government agencies and health workers. Thease masks were preparâ€¦,Shareef86748845,karnataka india,"Life IS too short, Do not HURT anyone ğŸ˜Š",24,43,234,False,"#HumanityFirst #Qadian #Punjab are donating masks for Government agencies and health workers. Thease masks were prepared by Laina Imaillah volunteers at thier homes.
#COVID
#AhmadiyyaMuslimCommunity #Covid_19 #Islam #IndiaFightsCorona https://t.co/OkZHZc85Yb"
2020-04-19 23:40:26+00:00,"RT @cjwerleman: Muslims being falsely blamed for spreading COVID-19 in India has resulted in:

-Muslim truck drivers being pulled over andâ€¦",FMahmoodsgroup,hyderabad india,"Entrepreneur

https://t.co/i8fBUGF1C1",66,68,20672,False,"Muslims being falsely blamed for spreading COVID-19 in India has resulted in:

-Muslim truck drivers being pulled over and killed.

-Pregnant Muslim women being denied access to hospital.

-Muslims being denied food and medical aid.

-Numerous mob lynchings.

-Missing"
2020-04-19 23:40:43+00:00,RT @Kritika_Kamra: Mob lynching is INSANE !! Rumours fuel hate that leads to this insanity. I canâ€™t fathom how people are trying to communaâ€¦,Bob50737493,india,Always help to needed peoples. Business man. Export & Import. Retweets are not endorsement.,10,169,418,False,"Mob lynching is INSANE !! Rumours fuel hate that leads to this insanity. I canâ€™t fathom how people are trying to communalise something as horrific as the #Palghar incident. But then, theyâ€™ve done it with a pandemic too."
2020-04-19 23:40:46+00:00,"RT @_jwigz: Yes, ashy.",asangeldreams,india,"pretty boy.                         
@asangledreams on Instagram.",330,274,52604,False,"Yes, ashy. https://t.co/wwCHBuZSWU"
2020-04-19 23:40:46+00:00,"RT @manazirahsan190: In Kuwait,out of 1658 #COVID cases only 924 are Indians - In that country no one is blaming Indians nor any hospitâ€¦ htâ€¦",imkhanAnas,aligarh india,"INDIANğŸ‡®ğŸ‡³ ALIGğŸ’™
ZHCET, AMUğŸ–¤
Mechanical EngineeringğŸ› ï¸
Always Spread Peace And Love Everywhere B'coz Thats What The Real Islam Taught Us.ğŸ’šğŸ’šğŸ˜Š",34,69,116,False,"In Kuwait,out of 1658 #COVID cases only 924 are Indians - In that country no one is blaming Indians nor any hospitâ€¦ https://t.co/GHRfiuTFrI"
2020-04-19 23:40:51+00:00,@KritikaSSeth @AUThackeray So how does it matter to them. If we are or are not able to pay the shop rent due to no business. How does it matter to them that we earn our living from our business and now it isn't running due to the pandemic. How does it matter to them that many small businesses dnt make much,williamgail2006,mumbai india,,17,154,345,False,
2020-04-19 23:40:54+00:00,"RT @ShibaniGharat: Called our chemist yesterday, to purchase toothpaste-he said â€˜out of stockâ€™. I asked-â€˜supplies not coming?â€™ He people buâ€¦",MdSamMondal,kolkata india,,179,72,12802,False,"Called our chemist yesterday, to purchase toothpaste-he said â€˜out of stockâ€™. I asked-â€˜supplies not coming?â€™ He people buying 3-4 packs! I can still understand bulk buying of dry food items due to panic. But toothpaste? You have to wash your hands not brush your teeth 10 times!"
2020-04-19 23:40:55+00:00,"@narendramodi @PMOIndia really??? This is the lockdown that we need to defeat corona. What's the solution for this kind of people.
#MeerutlockdownğŸ˜’ğŸ˜’ğŸ˜’ https://t.co/kEjP6ccrND",KrantikariMind,new delhi india,Software Engineer,24,16,112,False,
2020-04-19 23:40:56+00:00,RT @Cohesity: Listen in to this @FoundationCap #podcast as #Cohesity founder and CEO @mohitaron and other Silicon Valley executives share tâ€¦,manojmittal24,hyderabad india,,22,162,661,False,Listen in to this @FoundationCap #podcast as #Cohesity founder and CEO @mohitaron and other Silicon Valley executives share their experiences of coping with the business impact of the pandemic and offer advice for how best to manage through the crisis: https://t.co/VKKp2ny3AV
2020-04-19 23:40:58+00:00,RT @DynamicCIO: German state of North Rhine-Westphalia failed to put in place a citizen verification procedure and allowed fraudsters to stâ€¦,hacback17,new delhi india,#Infosec Enthusiast | AWS | #Linux,354,451,3303,False,"German state of North Rhine-Westphalia failed to put in place a citizen verification procedure and allowed fraudsters to steal millions of euros. #dynamiccio #linux #girlswhocode #tech @rneelmani @hacback17
https://t.co/gQ4rqglTx3"
2020-04-19 23:41:04+00:00,RT @JaiTDP: Sri @DevineniUma addressing the media about the issues faced by Aqua and Horticulture Farmers during the #CoronaVirus crisis- Lâ€¦,PhaneendraCho13,tangutur india,"tdp activist
à°œà±ˆ à°¤à±†à°²à±à°—à±à°¦à±‡à°¶à°‚ 
à°œà±ˆ à°šà°‚à°¦à±à°°à°¬à°¾à°¬à± 
#tdptwitterğŸš´",109,69,43891,False,Sri @DevineniUma addressing the media about the issues faced by Aqua and Horticulture Farmers during the #CoronaVirus crisis- Live. https://t.co/v8J1T2zWGG
2020-04-19 23:41:11+00:00,"RT @cjwerleman: Muslims being falsely blamed for spreading COVID-19 in India has resulted in:

-Muslim truck drivers being pulled over andâ€¦",EhteshamAbdulah,new delhi india,"Where there is no shame, there is no honor. Men of genius are admired, men of wealth are envied, men of power are feared; but only men of character are trusted.",468,1748,12288,False,"Muslims being falsely blamed for spreading COVID-19 in India has resulted in:

-Muslim truck drivers being pulled over and killed.

-Pregnant Muslim women being denied access to hospital.

-Muslims being denied food and medical aid.

-Numerous mob lynchings.

-Missing"
2020-04-19 23:41:24+00:00,"RT @narendramodi: As the world battles COVID-19, Indiaâ€™s energetic and innovative youth can show the way in ensuring healthier and prosperoâ€¦",TRavindran11,chennai india,"Engineer. Write poems
in www.allpoetry. com 
Works as senior financial advisor in kotak insurance 07448829413/
09677092599
tkravindran0612@gmail.com",250,257,15092,False,"As the world battles COVID-19, Indiaâ€™s energetic and innovative youth can show the way in ensuring healthier and prosperous future. 

Shared a few thoughts on @LinkedIn, which would interest youngsters and professionals. 

https://t.co/ZjjVSbMJ6b"
2020-04-19 23:41:41+00:00,RT @Pramoth71387975: Stay-at-home helps finding time for long lost hobbies. Back to pencil art. #DeepikaPadukone #graphitepencil https://t.â€¦,versatilefan,india,"Apna time aayega!!
DHONI - RANVEER - DEEPIKA - DEEPVEER |FAN account|",5430,350,253325,False,Stay-at-home helps finding time for long lost hobbies. Back to pencil art. #DeepikaPadukone #graphitepencil https://t.co/GtCJg42ykA
2020-04-19 23:41:41+00:00,"RT @ek_aalu_bonda: Just look at major achievements of best CM @OfficeofUT 's state-

-Female lecturer burnt alive in hinghanghat.

-attacksâ€¦",sadyogi,hyderabad india,"Rashtriya Dalita Sena ki Jai!â¤ï¸Food, TV Shows, Movies, Age-old Indic Cultural systems | Trained & Certified Psychologist | Fighting modernist bakwaas.",166,620,9377,False,"Just look at major achievements of best CM @OfficeofUT 's state-

-Female lecturer burnt alive in hinghanghat.

-attacks on police personnels in aurangabad,baramati.

-lynching of sadhus.

-failute in implementation of lockdown.

-Highest number of Chinese virus cases &amp; deaths."
2020-04-19 23:42:09+00:00,@shahid_siddiqui @anuragkashyap72 Recovered Tablighi brothers might need to get ready to help covid-19 patients by donating blood if someone is willing to take their blood to save his/her life. https://t.co/P5bhK2Jc5N,mohdmujahid_ip,hyderabad india,Patent research service provider,90,661,544,False,
2020-04-19 23:42:10+00:00,"RT @jaavedjaaferi: I normally donâ€™t post personal videos inspite of being trolled often, but had to now. In a time when humanity is faced wâ€¦",Water_vapor,new delhi india,A phenomenon.I make women make sandwiches for me.,303,1629,19281,False,"I normally donâ€™t post personal videos inspite of being trolled often, but had to now. In a time when humanity is faced with a pandemic and race religion colour country are no concern, some Indians are still indulging in #FakeNews #HinduMuslim #HateMongering.
We need love not hate https://t.co/4ckWzUVE4l"
2020-04-19 23:42:14+00:00,"RT @cjwerleman: Muslims being falsely blamed for spreading COVID-19 in India has resulted in:

-Muslim truck drivers being pulled over andâ€¦",imusharraf_IND,new delhi india,"à¤—à¤²à¤¤ à¤•à¥‹ à¤—à¤²à¤¤ à¤•à¤¹à¤¨à¤¾ à¤¤à¤¾à¥˜à¤¤à¤µà¤° à¤‡à¤‚à¤¸à¤¾à¤¨ à¤•à¥€ à¤ªà¤¹à¤šà¤¾à¤¨ à¤¹à¥ˆ,
à¤®à¤œà¤¼à¤¹à¤¬ à¤¨à¤¹à¥€à¤‚ à¤¸à¤¿à¤–à¤¾à¤¤à¤¾ à¤†à¤ªà¤¸ à¤®à¥‡à¤‚ à¤¬à¥ˆà¤° à¤°à¤–à¤¨à¤¾,
à¤¹à¤¿à¤‚à¤¦à¥€(à¤¹à¤¿à¤¨à¥à¤¦à¥à¤¸à¥à¤¤à¤¾à¤¨à¥€) à¤¹à¥ˆà¤‚ à¤¹à¤® à¤µà¤¤à¤¨ à¤¹à¥ˆà¤‚,à¤¹à¤¿à¤¨à¥à¤¦à¥à¤¸à¥à¤¤à¤¾à¤¨ à¤¹à¤®à¤¾à¤°à¤¾ âœğŸ‡®ğŸ‡³",1135,2772,5913,False,"Muslims being falsely blamed for spreading COVID-19 in India has resulted in:

-Muslim truck drivers being pulled over and killed.

-Pregnant Muslim women being denied access to hospital.

-Muslims being denied food and medical aid.

-Numerous mob lynchings.

-Missing"
2020-04-19 23:42:15+00:00,Residents protest coronavirus stay-at-home orders in 5 states https://t.co/BEtgdYJET9 https://t.co/Bxby48tIcg,smnewshimachal,himachal pradesh india,SM News Himachal is Digital Media News portal in himachal pradesh,82,160,7747,False,
2020-04-19 23:42:27+00:00,"When you give mother nature tons of carbon dioxide... it just gave you a small virus and now we are all indoors.
#COVID19 #coronavirus #ClimateChange @GretaThunberg",phalgun247,chodavaram vizag india,ONE DAY or DAY ONE,79,259,402,False,
2020-04-19 23:42:30+00:00,"RT @HHShkMohd: Providing food for everyone, with the approach of the Holy Month of Ramadan, is a social priority in our battle against theâ€¦",amyth_kaushik,new delhi india,"Dreamer, cricket lover & alone warrior.",63,149,2265,False,"Providing food for everyone, with the approach of the Holy Month of Ramadan, is a social priority in our battle against the pandemic. The crisis revealed our countryâ€™s authenticity and deeply-rooted generosity. In the UAE, no one sleeps hungry or in need. No one is left https://t.co/MISKrDsl5D"
2020-04-19 23:42:36+00:00,"RT @free_thinker: COVID-19 does not, but BJP does. Every single person that @narendramodi follows on Twitter, and who is associated with BJâ€¦",M_Anantkumar,pune india,"Social and animal activist, advocate of sustainable living, organic farming and urban cycling. Founder of Cycle for Pune.",483,1192,40196,False,"COVID-19 does not, but BJP does. Every single person that @narendramodi follows on Twitter, and who is associated with BJP directly or indirectly, do only one thing day in and day out, that is spew hate against minorities. Take action, don't just give the nation some more faff. https://t.co/BzaLEUyNy3"
2020-04-19 23:42:38+00:00,"COVID-19: Dubaiâ€™s Burj Khalifa lights up as a thank you to Switzerland
#dubai
#BurjKhalifa
#Switzerland
#COVIDãƒ¼19 https://t.co/gDPuBwPcDS",KarwaanTimes,india,"Karwaan Times is a News & Information sharing network for Business, Finance, Fashion, Travel, Food, Fitness, Education, Sports and many more.",37,48,1167,False,
2020-04-19 23:42:39+00:00,Fuck ğŸ¤£ğŸ¤£ğŸ¤£ğŸ¤£ğŸ¤£ğŸ¤£ https://t.co/V2ff301Iwe,AlgoBoffin,delhi india,"Free Thinker Animal,  Don't like any Line in Life.

Blocked by Intelligent & Followed by Innocents.

100% Pure #AlgoTrader, #Aries & #SapioSexual",9792,234,53168,False,
2020-04-19 23:42:44+00:00,RT @bimalpandia: I am happy that whatever I contributed today will have at least 22 times of positive impact in healing stress of some of tâ€¦,OxfamIndia,india,"A movement against discrimination.
See also: https://t.co/jok7AzRDNn",269293,133,18151,True,I am happy that whatever I contributed today will have at least 22 times of positive impact in healing stress of some of the most unfortunate people. Thankyou @oxfamindia and @amazoncares . https://t.co/hfbiX3To1D
2020-04-19 23:42:50+00:00,RT @rishibagree: Horrific visuals from #Palghar of mob brutally. The lynching of two Hindu saints are devastating and we strongly condemn iâ€¦,IamDiwakarG,gwalior india,Proud Indian Hindu|Engineer by profession|Fan of Messi,71,623,15953,False,Horrific visuals from #Palghar of mob brutally. The lynching of two Hindu saints are devastating and we strongly condemn it. It is failure of the Maharashtra Chief Minister &amp; the system that it could not prevent such an incident even during the lockdown. https://t.co/cpywFaxkQz
2020-04-19 23:42:51+00:00,RT @shafieikeyvan: Nurses blocking anti lockdown protests in Denver is the kind of bad assery that we all should aspire to https://t.co/zkMâ€¦,asangeldreams,india,"pretty boy.                         
@asangledreams on Instagram.",330,274,52604,False,Nurses blocking anti lockdown protests in Denver is the kind of bad assery that we all should aspire to https://t.co/zkMZaANSk4
2020-04-19 23:42:57+00:00,"@TarekFatah @MaryamShahLive @Real_Dr_Roy Thatâ€™s all the world deserves now? 
Amidst Covid 19 Crisis??
Oh! God.",ChhabraGeeta,dubai uae mumbai india,"Geeta Chhabra is a poet-author-blogger. Shares her work, views and news through her blog/website & Facebook. Late on Twitter. Retweets are not endorsements.",4274,258,70787,False,
2020-04-19 23:43:00+00:00,RT @sumant_sinha: We at @ReNew_Power are committed to serving the community and supporting the government in its effort to fight #COVID19.â€¦,VISWANATHKS1,bengaluru india,Renewable Energy Professional,9,116,54,False,"We at @ReNew_Power are committed to serving the community and supporting the government in its effort to fight #COVID19. Thank you K.T. Rama Rao ji. 
@KTRTRS @TelanganaCMO https://t.co/wHt1xyC6xN"
2020-04-19 23:43:09+00:00,"RT @ek_aalu_bonda: Just look at major achievements of best CM @OfficeofUT 's state-

-Female lecturer burnt alive in hinghanghat.

-attacksâ€¦",Being_Pagan,bihar india,"à¤¸à¤‚à¤¸à¥à¤•à¥ƒà¤¤à¥¤
Pagan.Heathen.Kufr.Infidel
à¤¸à¤®à¤° à¤¶à¥‡à¤· à¤¹à¥ˆ, à¤¨à¤¹à¥€à¤‚ à¤ªà¤¾à¤ª à¤•à¤¾ à¤­à¤¾à¤—à¥€ à¤•à¥‡à¤µà¤² à¤µà¥à¤¯à¤¾à¤§,
à¤œà¥‹ à¤¤à¤Ÿà¤¸à¥à¤¥ à¤¹à¥ˆà¤‚, à¤¸à¤®à¤¯ à¤²à¤¿à¤–à¥‡à¤—à¤¾ à¤‰à¤¨à¤•à¤¾ à¤­à¥€ à¤…à¤ªà¤°à¤¾à¤§à¥¤
Bad Grammer.
RTs/Likes are not endorsement.",576,220,142458,False,"Just look at major achievements of best CM @OfficeofUT 's state-

-Female lecturer burnt alive in hinghanghat.

-attacks on police personnels in aurangabad,baramati.

-lynching of sadhus.

-failute in implementation of lockdown.

-Highest number of Chinese virus cases &amp; deaths."
2020-04-19 23:43:18+00:00,"RT @DKThomp: the pandemic economy =

essentials
+
delivery
+
health care
-
everything else https://t.co/JZJlGZXzEJ",Achint_Setia,bengaluru india,"Software Development Manager at Amazon, Tech Mentor, Startup Enthusiast, Father of a 2 YO, Musician

 I mostly tweet about tech. Music Production on Pause.",168,460,1190,False,"the pandemic economy =

essentials
+
delivery
+
health care
-
everything else https://t.co/JZJlGZXzEJ"
2020-04-19 23:43:19+00:00,India coronavirus: Should people pay for their own Covid-19 tests? https://t.co/lri9gaW0uR https://t.co/efGSmIlhnz,ChoiceReporter,india,19 May 1962,6,102,3113,False,
2020-04-19 23:43:20+00:00,Coronavirus: The fear of being sentenced to a Kenyan quarantine centre https://t.co/6oYp5DTn3o https://t.co/yWbPBFUzOW,ChoiceReporter,india,19 May 1962,6,102,3113,False,
2020-04-19 23:43:21+00:00,"GOOD MORNING PEOPLE 
today20/04/2020
expecting some good news from our hon Pm @narendramodi to get us relieve  from this lockdown 
#StayHomeIndia",srivastava179,shahjahanpur india,Being Comrade !!,24,217,142,False,
